,Supplier_Lead_Time,Inventory_Levels,Order_Frequency,Delivery_Performance,Cost_Per_Unit
Supplier_Lead_Time,1.0,0.20245743316473222,-0.9034949559264853,-0.9075377404142788,0.9636441205363849
Inventory_Levels,0.20245743316473222,1.0,-0.2848080168241157,-0.15528602075737202,0.19926312738786797
Order_Frequency,-0.9034949559264853,-0.2848080168241157,1.0,0.7894236430271168,-0.8666696315765187
Delivery_Performance,-0.9075377404142788,-0.15528602075737202,0.7894236430271168,1.0,-0.9100980606324158
Cost_Per_Unit,0.9636441205363849,0.19926312738786797,-0.8666696315765187,-0.9100980606324158,1.0
