QuarterIndex,ForecastEfficiency
1,70.54399999999998
2,72.73299999999999
3,74.92199999999998
4,77.11099999999999
5,79.29999999999998
6,81.48899999999999
7,83.67799999999998
8,85.86699999999999
9,88.05599999999998
10,90.24499999999999
11,92.43399999999998
12,94.62299999999999
